{
    "x": {
        "mean": 223.91824672284645,
        "median": 198.82421875,
        "mode": [
            47.857422,
            265.326172
        ],
        "standard deviation": 127.32948059481208,
        "min": 0.0,
        "max": 445.4609375
    },
    "y": {
        "mean": 28.245259831460675,
        "median": 27.296875,
        "mode": [
            0.0
        ],
        "standard deviation": 20.87540670494832,
        "min": 1.421875,
        "max": 75.984375
    }
}